<beans xmlns="http://www.springframework.org/schema/beans"
	xmlns:mybatis="http://mybatis.org/schema/mybatis-spring" xmlns:xsi="http://www.w3.org/2001/XMLSchema-instance"
	xmlns:p="http://www.springframework.org/schema/p" xmlns:context="http://www.springframework.org/schema/context"
	xmlns:mvc="http://www.springframework.org/schema/mvc" xmlns:tx="http://www.springframework.org/schema/tx"
	xsi:schemaLocation="http://www.springframework.org/schema/beans 
			            http://www.springframework.org/schema/beans/spring-beans.xsd
			            http://www.springframework.org/schema/context
			            http://www.springframework.org/schema/context/spring-context.xsd
			            http://www.springframework.org/schema/mvc
			            http://www.springframework.org/schema/mvc/spring-mvc.xsd
			            http://www.springframework.org/schema/tx
			            http://www.springframework.org/schema/tx/spring-tx.xsd
			            http://mybatis.org/schema/mybatis-spring 
			            http://mybatis.org/schema/mybatis-spring.xsd">
		<!-- MyBatis自动扫描Mapper -->
		<mybatis:scan base-package="com.group3.mapper"/>
		<!-- Spring自动扫包 -->
		<context:component-scan base-package="com.group3" />
		<!-- 引入数据库资源配置文件 -->
		<context:property-override location="classpath:db.properties"/>
		<!-- 使用C3P0初始化数据源 -->
		<bean id="dataSource" class="com.mchange.v2.c3p0.ComboPooledDataSource"></bean>
		<!-- 使用数据源初始化MyBatis的SqlSessionFactory -->
		<bean id="sqlSessionFactory" class="org.mybatis.spring.SqlSessionFactoryBean">
			<property name="dataSource" ref="dataSource"></property>
			<property name="configLocation" value="classpath:mybatis-config.xml"></property>
		</bean>
		<!-- 配置事务管理器 -->
		<bean id="transactionManager"
			class="org.springframework.jdbc.datasource.DataSourceTransactionManager"
			p:dataSource-ref="dataSource"></bean>
		<!-- 开启事务的注解配置 -->
		<tx:annotation-driven transaction-manager="transactionManager"/>
</beans>