<?xml version="1.0" encoding="UTF-8" ?>
<!DOCTYPE configuration
  PUBLIC "-//mybatis.org//DTD Config 3.0//EN"
  "http://mybatis.org/dtd/mybatis-3-config.dtd">
<configuration>
	<!-- 在configuration标签中配置log4j -->
	<settings>
		<setting name="logImpl" value="LOG4J"/>
		<setting name="lazyLoadingEnabled" value="true"/>
		<setting name="aggressiveLazyLoading" value="false"/>
		<setting name="cacheEnabled" value="true"/>
	</settings>
	<!-- 在configuration标签中配置映射文件 -->
	<mappers>
		<mapper resource="com/group3/mapper/UserMapper.xml" />
		<mapper resource="com/group3/mapper/PartnerMapper.xml" />
		<mapper resource="com/group3/mapper/AgencyMapper.xml" />
		<mapper resource="com/group3/mapper/OrderMapper.xml" />
		<mapper resource="com/group3/mapper/QueryForTicketMapper.xml" />
		<mapper resource="com/group3/mapper/StationMapper.xml" />
		<mapper resource="com/group3/mapper/TicketMapper.xml" />
	</mappers>
</configuration>