<?xml version="1.0" encoding="UTF-8"?>
<!DOCTYPE mapper PUBLIC "-//mybatis.org//DTD Mapper 3.0//EN"
"http://mybatis.org/dtd/mybatis-3-mapper.dtd">

<mapper namespace="com.group3.mapper.SeatMapper">
	<select id="allocSeat" resultMap="seatMap">
		select * from	
	    (select carriage.SERIAL_NUM,seat.num,seat.CARRIAGE_ID from seat,carriage,ticket_type where
		seat.carriage_id=carriage.id and carriage.ticket_type_id=ticket_type.id and ticket_type.id=#{ticketTypeId}
		and carriage.train_id=#{trainId} and seat.status=1 and seat.ROUTE_ID in (select id from route where instr(substr((select train.entire_route from train where train.id=#{trainId}),
	    instr((select train.entire_route from train where train.id=#{trainId}),'/'||#{departure}||'/'),
	    instr((select train.entire_route from train where train.id=#{trainId}),'/'||#{destination}||'/')-instr((select train.entire_route from train where train.id=#{trainId}),'/'||#{departure}||'/')+3)
	    ,'/'||departure_id||'//'||destination_id||'/')>0)
		group by seat.num ,seat.CARRIAGE_ID,carriage.SERIAL_NUM having count(*)=
	    (select count(*) from route where 
		instr(substr((select train.entire_route from train where train.id=#{trainId}),
	    instr((select train.entire_route from train where train.id=#{trainId}),'/'||#{departure}||'/'),
	    instr((select train.entire_route from train where train.id=#{trainId}),'/'||#{destination}||'/')-instr((select train.entire_route from train where train.id=#{trainId}),'/'||#{departure}||'/')+3)
	    ,'/'||departure_id||'//'||destination_id||'/')>0))
	    where rownum&lt;=#{seatNum}
	</select>
	<resultMap id="seatMap" type="com.group3.po.SeatInfo">
		<result property="carriageId" column="CARRIAGE_ID"></result>
		<result property="carriageSerialNum" column="SERIAL_NUM"></result>
		<result property="num" column="NUM"></result>
	</resultMap>
	<select id="selectRouteIds" resultType="java.lang.Integer">
		select id from route 
		where instr(substr((select train.entire_route from train where train.id=#{trainId})
        	,instr((select train.entire_route from train where train.id=#{trainId}),'/'||#{departure}||'/')
        	,instr((select train.entire_route from train where train.id=#{trainId}),'/'||#{destination}||'/')-instr((select train.entire_route from train where train.id=#{trainId}),'/'||#{departure}||'/')+3)
        ,'/'||departure_id||'//'||destination_id||'/')>0
	</select>
	<select id="selectSeatId" resultType="java.lang.Integer">
		select id from seat 
		where CARRIAGE_ID=#{0} 
			and NUM=#{1}
			and ROUTE_ID=#{2}
	</select>
	<update id="updateSeatStatus">
		update seat set status=#{1} where ID=#{0}
	</update>
</mapper>